{"Training Loss": 0.4762017372108641, "Epoch": 0, "_timestamp": 1709847006.1936343, "_runtime": 1.0959763526916504, "_step": 0, "_wandb": {"runtime": 0}}