{"Training Loss": 0.3802196012960898, "Epoch": 0, "_timestamp": 1710109853.5686758, "_runtime": 62.814082860946655, "_step": 0, "_wandb": {"runtime": 4}}