{"Training Loss": 3.3925256558826993, "Epoch": 24, "_timestamp": 1709413440.8862445, "_runtime": 2.3440825939178467, "_step": 74, "Validation Loss": 4.94398045539856, "_wandb": {"runtime": 0}}