{"Training Loss": 8.973320932591214, "Epoch": 99, "_timestamp": 1709591999.1027467, "_runtime": 138.796062707901, "_step": 299, "Validation Loss": 7.898955978196243, "_wandb": {"runtime": 138}}