{"Training Loss": 4.755404766569746, "Epoch": 99, "_timestamp": 1709591803.242304, "_runtime": 128.72687411308289, "_step": 299, "Validation Loss": 10.127852333003077, "_wandb": {"runtime": 128}}