{"Training Loss": 3.5082471328122273, "Epoch": 24, "_timestamp": 1709412611.74603, "_runtime": 1.1722471714019775, "_step": 49, "Validation Loss": 7.370311805180141, "_wandb": {"runtime": 1}}