{"Training Loss": 0.059804536402225494, "Epoch": 99, "_timestamp": 1710195262.9333599, "_runtime": 167.02638483047485, "_step": 199, "Validation Loss": 0.0944373206895532, "_wandb": {"runtime": 166}}