{"Training Loss": 4.755368262148918, "Epoch": 24, "_timestamp": 1709590473.4966693, "_runtime": 72.6776921749115, "_step": 74, "Validation Loss": 9.06500585325833, "_wandb": {"runtime": 72}}