{"Training Loss": 5.045061186526684, "Epoch": 99, "_timestamp": 1709590858.6412785, "_runtime": 133.1879644393921, "_step": 299, "Validation Loss": 8.686474808331194, "_wandb": {"runtime": 132}}