{"Training Loss": 3.869319064276559, "_timestamp": 1709412448.731391, "_runtime": 1.122101068496704, "_step": 49, "Validation Loss": 4.811616727284023, "_wandb": {"runtime": 1}}