{"Training Loss": 7.290051330404078, "Epoch": 99, "_timestamp": 1709591027.918349, "_runtime": 125.3612790107727, "_step": 299, "Validation Loss": 7.916441958526085, "_wandb": {"runtime": 124}}