{"Training Loss": 3.5028848562921797, "_timestamp": 1709411078.5113845, "_runtime": 1.162874460220337, "_step": 49, "Validation Loss": 12.203988552093506, "_wandb": {"runtime": 1}}