{"Training Loss": 5.133791422336659, "Epoch": 24, "_timestamp": 1709588977.6369314, "_runtime": 35.47085452079773, "_step": 74, "Validation Loss": 9.28671852473555, "_wandb": {"runtime": 18}}