{"Training Loss": 0.6414912243684133, "Epoch": 0, "_timestamp": 1709847043.9708576, "_runtime": 0.9865236282348633, "_step": 0, "_wandb": {"runtime": 0}}