{"Avg Validation Loss": 0.07762561067938804, "Epoch": 99, "_timestamp": 1710194058.9129078, "_runtime": 70.41091585159302, "_step": 499, "_wandb": {"runtime": 40}}