{"Training Loss": 0.05213797486110314, "Epoch": 99, "_timestamp": 1710102769.2674804, "_runtime": 275.2748203277588, "_step": 199, "Validation Loss": 0.06271105575496735, "_wandb": {"runtime": 274}}