{"Training Loss": 0.059136351479871854, "Epoch": 99, "_timestamp": 1710110178.3526618, "_runtime": 245.66335487365723, "_step": 299, "Validation Loss": 0.060236497174786484, "_wandb": {"runtime": 245}}