{"Training Loss": 3.0191890001296997, "_timestamp": 1709410763.679032, "_runtime": 1.2281551361083984, "_step": 49, "Validation Loss": 7.618535450526646, "_wandb": {"runtime": 2}}