{"Avg. Training Loss": 0.058179305777663275, "Epoch": 99, "_timestamp": 1710195449.4277074, "_runtime": 181.37638354301453, "_step": 1999, "Avg Validation Loss": 0.07214268669486046, "_wandb": {"runtime": 90}}