{"Training Loss": 0.060028980903931564, "Epoch": 999, "_timestamp": 1710112246.627184, "_runtime": 1267.4703979492188, "_step": 2999, "Validation Loss": 0.06108641628499912, "_wandb": {"runtime": 1266}}