{"Training Loss": 4.754651714893098, "Epoch": 24, "_timestamp": 1709589993.4130063, "_runtime": 32.12388038635254, "_step": 74, "Validation Loss": 9.351561694309629, "_wandb": {"runtime": 31}}