{"Training Loss": 7.848991548254134, "Epoch": 24, "_timestamp": 1709590263.0290487, "_runtime": 33.939332723617554, "_step": 74, "Validation Loss": 7.777462235812483, "_wandb": {"runtime": 33}}