{"Training Loss": 3.9490978164332255, "Epoch": 24, "_timestamp": 1709413014.143781, "_runtime": 1.1183030605316162, "_step": 74, "Validation Loss": 4.478494116238186, "_wandb": {"runtime": 1}}