{"Training Loss": 3.4366194946425304, "Epoch": 24, "_timestamp": 1709412842.973759, "_runtime": 1.1168630123138428, "_step": 74, "Validation Loss": 5.450115271977016, "_wandb": {"runtime": 1}}