{"Training Loss": 6.399547460231375, "Epoch": 99, "_timestamp": 1709592299.9172478, "_runtime": 131.02988386154175, "_step": 299, "Validation Loss": 9.153629294757184, "_wandb": {"runtime": 130}}