{"Training Loss": 0.05226547169414433, "Epoch": 99, "_timestamp": 1710188551.3383198, "_runtime": 158.19528889656067, "_step": 199, "Validation Loss": 0.06812870151643614, "_wandb": {"runtime": 145}}