{"Training Loss": 2.822496479622861, "Epoch": 999, "_timestamp": 1709593680.745302, "_runtime": 1357.6995649337769, "_step": 2999, "Validation Loss": 10.618524321194354, "_wandb": {"runtime": 1357}}