{"Training Loss": 0.00024834010192160565, "Epoch": 99, "_timestamp": 1710027399.6539788, "_runtime": 6.754865884780884, "_step": 299, "Validation Loss": 0.12441252171993256, "_wandb": {"runtime": 2}}