{"Training Loss": 3.1563771111624583, "Epoch": 24, "_timestamp": 1709413345.2900834, "_runtime": 1.2081053256988525, "_step": 74, "Validation Loss": 7.732214042118618, "_wandb": {"runtime": 1}}