{"Training Loss": 0.054654844951900566, "Epoch": 99, "_timestamp": 1710193984.7001345, "_runtime": 142.07600450515747, "_step": 199, "Validation Loss": 0.07351927688905915, "_wandb": {"runtime": 141}}