{"Training Loss": 8.17595709357292, "Epoch": 24, "_timestamp": 1709587048.7166543, "_runtime": 54.03957223892212, "_step": 74, "Validation Loss": 8.466818201795537, "_wandb": {"runtime": 53}}