{"Avg Validation Loss": 0.06195744127035141, "Epoch": 99, "_timestamp": 1710194235.1610336, "_runtime": 83.0319766998291, "_step": 999, "_wandb": {"runtime": 79}}