{"Training Loss": 0.08740881854617918, "Epoch": 5, "_timestamp": 1710110515.4696496, "_runtime": 19.26062846183777, "_step": 17, "Validation Loss": 0.09241670402495758, "_wandb": {"runtime": 19}}