{"Training Loss": 0.052239054209879926, "Epoch": 99, "_timestamp": 1710102416.7318523, "_runtime": 267.1213023662567, "_step": 199, "Validation Loss": 0.05988320351942726, "_wandb": {"runtime": 266}}