{"Training Loss": 0.04733103810853902, "Epoch": 99, "_timestamp": 1709847103.392409, "_runtime": 29.82337999343872, "_step": 299, "Validation Loss": 0.0552689615637064, "_wandb": {"runtime": 29}}