{"Training Loss": 3.1578597341265, "_timestamp": 1709412432.0473175, "_runtime": 452.29900455474854, "_step": 99, "Validation Loss": 5.811393805912563, "_wandb": {"runtime": 2}}