{"Training Loss": 7.811612912441822, "Epoch": 24, "_timestamp": 1709590631.5110705, "_runtime": 32.90061140060425, "_step": 74, "Validation Loss": 7.764396864792396, "_wandb": {"runtime": 32}}